F1001,cuadrado,80.65,azul
F001,triangulo,68.14-92.62-38.38,rojo
F002,cuadrado,92.52,azul
F003,cuadrado,29.51,amarillo
F004,circulo,57.08,azul
F005,rectangulo,6.59-94.62,amarillo
F006,circulo,8.93,rojo
F007,rectangulo,89.22-45.76,azul
F008,cuadrado,26.97,amarillo
F009,rectangulo,11.54-24.31,rojo
F010,triangulo,23.92-79.25-47.29,azul
F011,pentagono,92.02-92.02-92.02-92.02-92.02,rojo
F012,rectangulo,71.5-29.35,amarillo
F013,circulo,22.36,amarillo
F014,circulo,92.24,azul
F015,cuadrado,94.02,rojo
F016,rectangulo,24.49-65.35,amarillo
F017,circulo,18.55,azul
F018,pentagono,33.15-33.15-33.15-33.15-33.15,azul
F019,circulo,76.61,azul
F020,cuadrado,34.29,rojo
F021,triangulo,43.96-63.27-50.06,azul
F022,triangulo,97.88-18.62-52.92,amarillo
F023,circulo,51.58,amarillo
F024,triangulo,39.78-68.07-84.83,amarillo
F025,pentagono,63.6-63.6-63.6-63.6-63.6,amarillo
F026,rectangulo,37.29-36.23,azul
F027,rectangulo,37.7-65.14,azul
F028,cuadrado,45.81,amarillo
F029,triangulo,5.44-33.62-82.87,amarillo
F030,rectangulo,57.42-50.67,rojo
F031,cuadrado,54.96,amarillo
F032,triangulo,61.59-73.94-9.56,amarillo
F033,pentagono,41.61-41.61-41.61-41.61-41.61,rojo
F034,pentagono,36.3-36.3-36.3-36.3-36.3,rojo
F035,cuadrado,47.98,azul
F036,cuadrado,72.1,amarillo
F037,circulo,46.73,amarillo
F038,circulo,67.53,azul
F039,triangulo,66.84-71.01-33.96,amarillo
F040,pentagono,21.64-21.64-21.64-21.64-21.64,rojo
F041,pentagono,99.71-99.71-99.71-99.71-99.71,amarillo
F042,triangulo,49.58-66.85-8.45,amarillo
F043,cuadrado,11.04,rojo
F044,cuadrado,59.2,rojo
F045,circulo,39.1,azul
F046,cuadrado,55.94,azul
F047,circulo,31.69,amarillo
F048,cuadrado,87.93,amarillo
F049,cuadrado,22.49,amarillo
F050,circulo,4.77,rojo
F051,cuadrado,73.63,amarillo
F052,triangulo,35.41-16.56-8.56,amarillo
F053,circulo,37.21,rojo
F054,circulo,65.45,amarillo
F055,pentagono,8.25-8.25-8.25-8.25-8.25,rojo
F056,circulo,29.67,rojo
F057,triangulo,70.91-1.52-11.25,rojo
F058,pentagono,92.34-92.34-92.34-92.34-92.34,rojo
F059,cuadrado,39.76,amarillo
F060,cuadrado,22.51,azul
F061,cuadrado,62.85,rojo
F062,cuadrado,49.7,amarillo
F063,rectangulo,42.55-5.82,azul
F064,cuadrado,90.86,azul
F065,pentagono,85.64-85.64-85.64-85.64-85.64,azul
F066,triangulo,23.72-7.84-53.06,amarillo
F067,pentagono,97.22-97.22-97.22-97.22-97.22,amarillo
F068,circulo,16.48,amarillo
F069,circulo,29.3,rojo
F070,pentagono,5.01-5.01-5.01-5.01-5.01,rojo
F071,cuadrado,18.22,amarillo
F072,pentagono,25.95-25.95-25.95-25.95-25.95,amarillo
F073,cuadrado,85.02,amarillo
F074,circulo,97.9,amarillo
F075,triangulo,93.63-59.37-45.88,rojo
F076,cuadrado,99.25,azul
F077,triangulo,7.66-89.43-15.92,rojo
F078,cuadrado,57.34,amarillo
F079,rectangulo,71.74-92.79,amarillo
F080,rectangulo,82.09-46.11,amarillo
F081,circulo,15.13,amarillo
F082,rectangulo,90.31-5.61,amarillo
F083,triangulo,34.14-81.47-99.26,azul
F084,cuadrado,73.72,azul
F085,rectangulo,44.17-54.92,rojo
F086,rectangulo,20.73-27.17,rojo
F087,circulo,26.79,azul
F088,triangulo,40.63-95.83-11.65,rojo
F089,triangulo,85.4-23.98-10.63,rojo
F090,triangulo,55.29-19.16-30.54,amarillo
F091,circulo,97.48,azul
F092,circulo,22.47,azul
F093,pentagono,19.07-19.07-19.07-19.07-19.07,rojo
F094,cuadrado,20.57,azul
F095,pentagono,21.98-21.98-21.98-21.98-21.98,rojo
F096,cuadrado,69.55,azul
F097,rectangulo,49.04-49.32,amarillo
F098,rectangulo,68.25-84.21,rojo
F099,cuadrado,34.12,amarillo
F100,triangulo,80.14-62.53-50.87,amarillo
F101,cuadrado,62.97,azul
F102,cuadrado,25.65,rojo
F103,rectangulo,46.58-99.0,rojo
F104,circulo,54.9,azul
F105,pentagono,19.33-19.33-19.33-19.33-19.33,azul
F106,cuadrado,51.35,azul
F107,pentagono,57.95-57.95-57.95-57.95-57.95,rojo
F108,triangulo,22.7-5.15-65.9,amarillo
F109,rectangulo,93.9-52.22,rojo
F110,triangulo,98.93-15.22-12.96,rojo
F111,rectangulo,49.46-79.47,rojo
F112,triangulo,10.38-33.42-78.82,azul
F113,circulo,39.99,azul
F114,triangulo,92.16-72.73-94.49,azul
F115,triangulo,97.21-66.04-48.46,azul
F116,pentagono,50.47-50.47-50.47-50.47-50.47,amarillo
F117,pentagono,60.36-60.36-60.36-60.36-60.36,amarillo
F118,pentagono,11.15-11.15-11.15-11.15-11.15,rojo
F119,rectangulo,55.75-41.61,rojo
F120,triangulo,87.13-10.03-84.83,amarillo
F121,circulo,20.96,amarillo
F122,rectangulo,93.04-8.08,azul
F123,triangulo,77.81-6.72-85.21,rojo
F124,triangulo,74.46-47.71-79.38,azul
F125,pentagono,62.18-62.18-62.18-62.18-62.18,azul
F126,cuadrado,95.23,azul
F127,triangulo,64.87-53.16-1.77,rojo
F128,pentagono,71.71-71.71-71.71-71.71-71.71,azul
F129,cuadrado,68.47,rojo
F130,cuadrado,8.98,amarillo
F131,triangulo,93.38-59.31-59.53,rojo
F132,triangulo,60.41-49.26-33.02,amarillo
F133,triangulo,41.43-7.06-54.77,azul
F134,circulo,22.1,azul
F135,triangulo,18.71-27.69-88.59,azul
F136,cuadrado,98.4,azul
F137,circulo,75.03,rojo
F138,rectangulo,36.28-31.63,azul
F139,circulo,24.13,rojo
F140,rectangulo,46.55-50.82,amarillo
F141,pentagono,84.65-84.65-84.65-84.65-84.65,azul
F142,pentagono,18.14-18.14-18.14-18.14-18.14,azul
F143,pentagono,12.12-12.12-12.12-12.12-12.12,azul
F144,triangulo,16.92-41.98-17.76,amarillo
F145,pentagono,98.11-98.11-98.11-98.11-98.11,azul
F146,rectangulo,6.02-61.97,amarillo
F147,triangulo,24.03-56.02-41.04,amarillo
F148,triangulo,41.54-72.94-5.92,rojo
F149,cuadrado,64.81,azul
F150,cuadrado,66.41,amarillo
F151,cuadrado,36.01,amarillo
F152,pentagono,53.21-53.21-53.21-53.21-53.21,amarillo
F153,triangulo,44.24-16.77-83.76,azul
F154,rectangulo,88.65-36.85,amarillo
F155,triangulo,47.55-10.77-87.85,amarillo
F156,cuadrado,92.29,rojo
F157,circulo,31.65,amarillo
F158,pentagono,46.77-46.77-46.77-46.77-46.77,rojo
F159,rectangulo,80.21-30.48,rojo
F160,triangulo,41.6-90.55-16.24,azul
F161,triangulo,35.66-55.24-52.26,rojo
F162,cuadrado,82.02,amarillo
F163,circulo,1.2,amarillo
F164,circulo,01.06,rojo
F165,pentagono,53.12-53.12-53.12-53.12-53.12,azul
F166,circulo,81.02,rojo
F167,rectangulo,98.19-25.08,azul
F168,rectangulo,67.83-42.51,rojo
F169,rectangulo,82.46-22.82,rojo
F170,cuadrado,79.9,rojo
F171,rectangulo,67.11-39.3,amarillo
F172,triangulo,71.52-24.29-29.82,rojo
F173,triangulo,18.22-46.24-84.1,azul
F174,triangulo,46.78-21.96-93.92,rojo
F175,rectangulo,52.55-62.29,rojo
F176,rectangulo,42.9-29.9,azul
F177,pentagono,21.19-21.19-21.19-21.19-21.19,amarillo
F178,triangulo,15.72-18.49-42.64,azul
F179,circulo,79.78,azul
F180,pentagono,21.14-21.14-21.14-21.14-21.14,azul
F181,circulo,72.07,rojo
F182,pentagono,73.64-73.64-73.64-73.64-73.64,rojo
F183,rectangulo,53.73-32.2,azul
F184,triangulo,2.96-66.07-17.91,rojo
F185,triangulo,9.4-6.07-92.64,rojo
F186,pentagono,98.4-98.4-98.4-98.4-98.4,azul
F187,pentagono,71.55-71.55-71.55-71.55-71.55,amarillo
F188,pentagono,90.18-90.18-90.18-90.18-90.18,amarillo
F189,cuadrado,92.25,rojo
F190,pentagono,3.68-3.68-3.68-3.68-3.68,amarillo
F191,cuadrado,50.03,azul
F192,rectangulo,49.31-36.27,azul
F193,pentagono,78.04-78.04-78.04-78.04-78.04,azul
F194,pentagono,54.52-54.52-54.52-54.52-54.52,rojo
F195,circulo,29.18,rojo
F196,pentagono,90.02-90.02-90.02-90.02-90.02,amarillo
F197,rectangulo,8.92-58.12,rojo
F198,pentagono,33.41-33.41-33.41-33.41-33.41,rojo
F199,cuadrado,10.96,azul
F200,triangulo,37.04-48.06-97.44,azul
F201,cuadrado,98.45,amarillo
F202,triangulo,61.51-20.95-88.98,azul
F203,pentagono,42.89-42.89-42.89-42.89-42.89,rojo
F204,rectangulo,7.02-35.5,rojo
F205,cuadrado,21.57,amarillo
F206,circulo,39.32,amarillo
F207,pentagono,84.17-84.17-84.17-84.17-84.17,rojo
F208,cuadrado,62.59,amarillo
F209,circulo,80.73,amarillo
F210,circulo,36.99,amarillo
F211,pentagono,30.02-30.02-30.02-30.02-30.02,rojo
F212,pentagono,25.26-25.26-25.26-25.26-25.26,azul
F213,triangulo,29.88-78.99-33.25,azul
F214,cuadrado,88,rojo
F215,triangulo,7.42-7.68-26.65,amarillo
F216,triangulo,6.78-39.74-52.57,azul
F217,circulo,95.42,amarillo
F218,rectangulo,30.86-2.98,azul
F219,rectangulo,15.63-32.67,azul
F220,triangulo,96.41-50.54-48.84,rojo
F221,rectangulo,46.09-30.13,amarillo
F222,pentagono,33.85-33.85-33.85-33.85-33.85,amarillo
F223,circulo,21.59,azul
F224,rectangulo,96.28-30.52,azul
F225,pentagono,60.56-60.56-60.56-60.56-60.56,rojo
F226,pentagono,57.01-57.01-57.01-57.01-57.01,rojo
F227,triangulo,63.7-96.45-20.63,rojo
F228,cuadrado,58.22,azul
F229,triangulo,30.89-33.38-25.55,azul
F230,circulo,13.81,amarillo
F231,pentagono,13.89-13.89-13.89-13.89-13.89,rojo
F232,triangulo,49.43-77.73-25.13,azul
F233,cuadrado,44.86,azul
F234,cuadrado,78.41,amarillo
F235,circulo,65.84,amarillo
F236,rectangulo,94.57-40.87,azul
F237,cuadrado,33.61,rojo
F238,pentagono,8.9-8.9-8.9-8.9-8.9,amarillo
F239,cuadrado,53.66,azul
F240,pentagono,86.48-86.48-86.48-86.48-86.48,azul
F241,triangulo,32.07-15.79-80.89,amarillo
F242,cuadrado,29.85,rojo
F243,rectangulo,68.32-77.46,rojo
F244,cuadrado,11.4,azul
F245,circulo,71.28,rojo
F246,circulo,64.08,rojo
F247,pentagono,82.52-82.52-82.52-82.52-82.52,amarillo
F248,rectangulo,63.73-58.48,azul
F249,cuadrado,91.99,azul
F250,pentagono,52.0-52.0-52.0-52.0-52.0,amarillo
F251,pentagono,45.03-45.03-45.03-45.03-45.03,azul
F252,rectangulo,54.8-64.81,amarillo
F253,circulo,17.66,rojo
F254,pentagono,60.41-60.41-60.41-60.41-60.41,amarillo
F255,rectangulo,15.7-13.45,amarillo
F256,rectangulo,24.12-51.64,azul
F257,circulo,60.28,azul
F258,cuadrado,31.83,rojo
F259,triangulo,8.82-44.87-56.04,azul
F260,cuadrado,73.97,amarillo
F261,pentagono,85.4-85.4-85.4-85.4-85.4,rojo
F262,triangulo,54.21-93.68-90.82,rojo
F263,triangulo,85.94-75.03-33.76,rojo
F264,rectangulo,26.78-6.32,amarillo
F265,triangulo,83.99-1.19-55.78,rojo
F266,triangulo,83.07-21.87-93.77,amarillo
F267,triangulo,21.33-90.56-11.69,azul
F268,circulo,9.22,rojo
F269,rectangulo,97.41-21.95,amarillo
F270,cuadrado,51.75,azul
F271,triangulo,45.38-67.14-40.38,amarillo
F272,pentagono,12.83-12.83-12.83-12.83-12.83,rojo
F273,circulo,88.47,rojo
F274,rectangulo,83.69-33.23,rojo
F275,triangulo,37.1-38.81-58.54,amarillo
F276,cuadrado,69.03,azul
F277,rectangulo,93.1-63.26,amarillo
F278,circulo,71.79,amarillo
F279,cuadrado,2.58,azul
F280,triangulo,60.57-20.07-19.27,azul
F281,pentagono,39.76-39.76-39.76-39.76-39.76,amarillo
F282,circulo,75.29,azul
F283,rectangulo,73.8-79.06,azul
F284,cuadrado,64.14,rojo
F285,pentagono,19.68-19.68-19.68-19.68-19.68,azul
F286,pentagono,14.73-14.73-14.73-14.73-14.73,amarillo
F287,cuadrado,53.87,rojo
F288,cuadrado,86.76,azul
F289,circulo,30.14,azul
F290,circulo,93.31,amarillo
F291,cuadrado,64.62,azul
F292,cuadrado,40.71,azul
F293,circulo,54.45,amarillo
F294,pentagono,65.15-65.15-65.15-65.15-65.15,amarillo
F295,cuadrado,47.27,amarillo
F296,circulo,62.89,amarillo
F297,cuadrado,57.52,azul
F298,triangulo,16.36-48.91-68.44,azul
F299,triangulo,37.12-86.72-34.49,azul
F300,cuadrado,62.03,amarillo
F301,triangulo,75.74-5.37-57.19,amarillo
F302,cuadrado,22.25,amarillo
F303,pentagono,99.24-99.24-99.24-99.24-99.24,rojo
F304,rectangulo,41.92-64.48,azul
F305,triangulo,29.0-20.62-35.42,azul
F306,circulo,36,azul
F307,rectangulo,10.34-78.28,rojo
F308,cuadrado,28.23,amarillo
F309,cuadrado,89.8,rojo
F310,pentagono,29.27-29.27-29.27-29.27-29.27,amarillo
F311,triangulo,87.47-7.66-5.55,azul
F312,triangulo,89.98-13.65-57.83,amarillo
F313,pentagono,72.95-72.95-72.95-72.95-72.95,rojo
F314,rectangulo,37.9-1.89,rojo
F315,cuadrado,19.26,rojo
F316,circulo,79.8,rojo
F317,circulo,62.83,azul
F318,cuadrado,91.64,amarillo
F319,pentagono,90.47-90.47-90.47-90.47-90.47,azul
F320,cuadrado,87.9,amarillo
F321,pentagono,60.43-60.43-60.43-60.43-60.43,amarillo
F322,pentagono,1.13-1.13-1.13-1.13-1.13,rojo
F323,cuadrado,94.71,rojo
F324,cuadrado,42.06,amarillo
F325,triangulo,19.64-84.18-67.52,amarillo
F326,cuadrado,82.72,rojo
F327,cuadrado,92.27,azul
F328,cuadrado,6.26,rojo
F329,pentagono,19.58-19.58-19.58-19.58-19.58,rojo
F330,circulo,17.8,azul
F331,rectangulo,31.86-25.73,rojo
F332,rectangulo,24.31-38.33,rojo
F333,circulo,25.31,rojo
F334,circulo,36.74,rojo
F335,cuadrado,25.03,azul
F336,triangulo,41.01-68.34-33.74,amarillo
F337,cuadrado,12.91,rojo
F338,circulo,58.37,rojo
F339,rectangulo,82.16-43.75,azul
F340,cuadrado,95.06,amarillo
F341,pentagono,15.12-15.12-15.12-15.12-15.12,azul
F342,pentagono,13.9-13.9-13.9-13.9-13.9,azul
F343,circulo,43.46,azul
F344,triangulo,64.49-32.92-80.28,rojo
F345,triangulo,78.31-19.67-61.48,azul
F346,triangulo,95.66-42.52-27.73,amarillo
F347,circulo,40.63,amarillo
F348,circulo,25.5,azul
F349,cuadrado,90.72,azul
F350,triangulo,11.49-52.32-38.52,amarillo
F351,cuadrado,73.95,azul
F352,circulo,1.96,amarillo
F353,cuadrado,36.61,amarillo
F354,rectangulo,7.78-71.75,azul
F355,rectangulo,66.53-29.8,amarillo
F356,rectangulo,87.45-67.99,rojo
F357,triangulo,20.36-88.01-83.2,amarillo
F358,triangulo,28.86-94.56-23.24,amarillo
F359,circulo,26.15,amarillo
F360,triangulo,59.23-78.16-3.85,rojo
F361,cuadrado,39.39,azul
F362,circulo,11.13,azul
F363,cuadrado,37.21,amarillo
F364,cuadrado,30.02,azul
F365,triangulo,95.99-56.74-81.87,azul
F366,pentagono,83.59-83.59-83.59-83.59-83.59,amarillo
F367,pentagono,88.73-88.73-88.73-88.73-88.73,rojo
F368,rectangulo,34.59-87.43,azul
F369,rectangulo,56.88-1.05,amarillo
F370,rectangulo,54.69-46.17,azul
F371,rectangulo,14.58-98.73,amarillo
F372,rectangulo,83.5-29.96,amarillo
F373,cuadrado,59.39,azul
F374,pentagono,82.31-82.31-82.31-82.31-82.31,amarillo
F375,triangulo,66.12-33.04-14.47,rojo
F376,circulo,60.09,rojo
F377,circulo,78.4,amarillo
F378,pentagono,9.71-9.71-9.71-9.71-9.71,azul
F379,cuadrado,31.75,amarillo
F380,triangulo,69.11-5.06-64.46,azul
F381,cuadrado,68.7,rojo
F382,circulo,78.21,amarillo
F383,cuadrado,64.68,rojo
F384,triangulo,69.15-93.63-79.3,rojo
F385,circulo,83.84,azul
F386,cuadrado,25.75,azul
F387,pentagono,55.8-55.8-55.8-55.8-55.8,rojo
F388,triangulo,74.12-94.21-73.11,amarillo
F389,triangulo,97.21-97.02-25.18,rojo
F390,rectangulo,48.11-13.29,amarillo
F391,circulo,16.09,azul
F392,rectangulo,42.93-18.57,azul
F393,rectangulo,27.55-44.52,amarillo
F394,pentagono,47.69-47.69-47.69-47.69-47.69,azul
F395,cuadrado,50,rojo
F396,cuadrado,19.76,amarillo
F397,circulo,40.68,azul
F398,pentagono,69.94-69.94-69.94-69.94-69.94,rojo
F399,circulo,75.76,amarillo
F400,cuadrado,20.99,rojo
F401,rectangulo,76.91-3.82,amarillo
F402,circulo,67.67,azul
F403,circulo,10.63,rojo
F404,pentagono,75.85-75.85-75.85-75.85-75.85,azul
F405,pentagono,86.89-86.89-86.89-86.89-86.89,amarillo
F406,circulo,55.32,rojo
F407,circulo,28.42,azul
F408,circulo,65.79,amarillo
F409,rectangulo,20.82-64.05,amarillo
F410,triangulo,20.0-84.72-6.73,rojo
F411,rectangulo,69.64-68.73,azul
F412,triangulo,31.65-9.97-80.26,amarillo
F413,rectangulo,6.9-49.85,azul
F414,circulo,53.86,amarillo
F415,cuadrado,49.53,amarillo
F416,rectangulo,79.99-59.46,rojo
F417,pentagono,60.78-60.78-60.78-60.78-60.78,rojo
F418,cuadrado,33.63,azul
F419,cuadrado,34.44,azul
F420,circulo,13.87,amarillo
F421,circulo,68.75,rojo
F422,cuadrado,81.19,azul
F423,rectangulo,99.05-76.08,rojo
F424,rectangulo,80.87-11.3,azul
F425,cuadrado,30.2,azul
F426,rectangulo,71.35-81.72,azul
F427,circulo,15.99,amarillo
F428,circulo,59.72,rojo
F429,triangulo,75.76-58.77-21.25,rojo
F430,circulo,53.66,amarillo
F431,cuadrado,16.44,rojo
F432,rectangulo,1.67-64.6,amarillo
F433,triangulo,2.36-83.68-34.34,amarillo
F434,rectangulo,67.05-45.76,rojo
F435,pentagono,22.16-22.16-22.16-22.16-22.16,rojo
F436,rectangulo,21.97-52.36,rojo
F437,circulo,56.11,rojo
F438,triangulo,30.71-64.41-41.23,amarillo
F439,cuadrado,6.49,rojo
F440,triangulo,91.92-3.2-95.04,azul
F441,pentagono,78.07-78.07-78.07-78.07-78.07,azul
F442,triangulo,84.35-97.94-81.72,azul
F443,rectangulo,22.79-36.18,amarillo
F444,cuadrado,92.98,azul
F445,circulo,99.8,rojo
F446,rectangulo,25.27-32.25,azul
F447,triangulo,47.78-86.65-35.85,amarillo
F448,rectangulo,36.58-68.27,azul
F449,circulo,1.96,amarillo
F450,circulo,39.46,amarillo
F451,cuadrado,69.14,azul
F452,triangulo,95.19-25.85-78.84,amarillo
F453,triangulo,63.02-78.75-66.5,azul
F454,triangulo,37.16-74.55-11.5,rojo
F455,triangulo,78.25-57.48-94.4,amarillo
F456,rectangulo,99.41-93.34,rojo
F457,pentagono,99.09-99.09-99.09-99.09-99.09,azul
F458,rectangulo,17.8-63.28,rojo
F459,circulo,42.46,azul
F460,pentagono,40.84-40.84-40.84-40.84-40.84,rojo
F461,rectangulo,25.28-67.93,rojo
F462,pentagono,84.13-84.13-84.13-84.13-84.13,amarillo
F463,circulo,90.2,azul
F464,triangulo,79.65-68.29-36.78,amarillo
F465,rectangulo,63.72-69.92,azul
F466,cuadrado,60.83,amarillo
F467,pentagono,21.25-21.25-21.25-21.25-21.25,azul
F468,triangulo,76.53-35.24-26.35,azul
F469,triangulo,21.85-66.82-96.74,rojo
F470,circulo,52.87,amarillo
F471,circulo,28.77,amarillo
F472,rectangulo,82.93-28.14,rojo
F473,rectangulo,9.34-32.6,azul
F474,triangulo,62.75-43.3-34.47,amarillo
F475,pentagono,65.83-65.83-65.83-65.83-65.83,rojo
F476,circulo,56.49,azul
F477,circulo,22.93,amarillo
F478,circulo,54.15,rojo
F479,cuadrado,90.86,rojo
F480,circulo,27.08,azul
F481,pentagono,14.01-14.01-14.01-14.01-14.01,azul
F482,cuadrado,2.96,rojo
F483,circulo,95.37,amarillo
F484,cuadrado,60.6,rojo
F485,cuadrado,93.65,rojo
F486,pentagono,46.68-46.68-46.68-46.68-46.68,azul
F487,cuadrado,50.87,azul
F488,cuadrado,98.87,azul
F489,triangulo,45.06-85.99-41.16,rojo
F490,rectangulo,81.17-11.29,azul
F491,rectangulo,37.56-55.85,azul
F492,rectangulo,52.89-24.56,rojo
F493,pentagono,38.92-38.92-38.92-38.92-38.92,rojo
F494,rectangulo,68.62-9.1,amarillo
F495,pentagono,57.93-57.93-57.93-57.93-57.93,rojo
F496,rectangulo,85.17-70.03,rojo
F497,circulo,27.93,rojo
F498,triangulo,87.73-20.06-76.46,rojo
F499,circulo,23.62,azul
F500,rectangulo,39.61-42.54,amarillo
F501,rectangulo,54.5-4.62,azul
F502,triangulo,36.2-32.78-73.63,rojo
F503,pentagono,9.29-9.29-9.29-9.29-9.29,amarillo
F504,rectangulo,74.73-61.27,rojo
F505,triangulo,84.54-31.21-69.27,azul
F506,rectangulo,66.91-59.1,amarillo
F507,circulo,25.33,amarillo
F508,circulo,59.27,amarillo
F509,rectangulo,74.89-20.45,azul
F510,rectangulo,63.39-63.98,amarillo
F511,pentagono,60.3-60.3-60.3-60.3-60.3,azul
F512,triangulo,44.91-11.11-57.04,azul
F513,rectangulo,66.95-62.93,amarillo
F514,pentagono,72.21-72.21-72.21-72.21-72.21,azul
F515,triangulo,79.74-12.07-69.72,rojo
F516,triangulo,20.36-70.72-54.85,azul
F517,rectangulo,61.68-7.09,rojo
F518,cuadrado,50.43,amarillo
F519,triangulo,44.87-54.38-75.19,rojo
F520,rectangulo,64.37-32.35,amarillo
F521,pentagono,11.61-11.61-11.61-11.61-11.61,azul
F522,triangulo,3.34-7.08-91.86,rojo
F523,pentagono,79.75-79.75-79.75-79.75-79.75,amarillo
F524,triangulo,20.13-62.01-26.75,amarillo
F525,rectangulo,6.94-74.92,azul
F526,pentagono,68.34-68.34-68.34-68.34-68.34,amarillo
F527,cuadrado,37.82,azul
F528,cuadrado,94.28,rojo
F529,cuadrado,7.8,rojo
F530,rectangulo,28.62-62.99,amarillo
F531,pentagono,58.85-58.85-58.85-58.85-58.85,amarillo
F532,cuadrado,69.44,amarillo
F533,cuadrado,40.76,amarillo
F534,triangulo,4.79-63.45-97.04,rojo
F535,circulo,81.05,amarillo
F536,rectangulo,40.93-5.15,amarillo
F537,triangulo,60.86-67.23-76.77,amarillo
F538,circulo,84.92,rojo
F539,cuadrado,9.87,azul
F540,cuadrado,47.92,azul
F541,rectangulo,4.37-63.68,rojo
F542,triangulo,50.49-40.19-89.26,azul
F543,circulo,42.94,amarillo
F544,triangulo,70.72-26.22-94.28,rojo
F545,triangulo,25.35-30.14-28.49,azul
F546,pentagono,49.62-49.62-49.62-49.62-49.62,rojo
F547,circulo,29.57,rojo
F548,rectangulo,47.14-70.18,rojo
F549,pentagono,70.58-70.58-70.58-70.58-70.58,amarillo
F550,cuadrado,43.47,azul
F551,triangulo,58.21-74.13-52.16,rojo
F552,rectangulo,58.73-40.21,azul
F553,triangulo,83.95-56.25-31.92,amarillo
F554,cuadrado,26.65,azul
F555,cuadrado,29.83,rojo
F556,triangulo,1.9-9.46-42.33,rojo
F557,pentagono,14.1-14.1-14.1-14.1-14.1,rojo
F558,cuadrado,80.33,rojo
F559,triangulo,37.7-19.67-75.22,rojo
F560,pentagono,92.6-92.6-92.6-92.6-92.6,azul
F561,rectangulo,29.61-69.74,amarillo
F562,rectangulo,96.81-5.94,amarillo
F563,cuadrado,80.62,amarillo
F564,rectangulo,1.32-5.1,rojo
F565,rectangulo,39.84-96.15,azul
F566,cuadrado,64.61,azul
F567,triangulo,99.68-38.3-89.93,amarillo
F568,pentagono,85.54-85.54-85.54-85.54-85.54,rojo
F569,circulo,26.12,azul
F570,rectangulo,98.55-4.85,azul
F571,triangulo,38.58-62.31-80.74,azul
F572,rectangulo,87.93-31.4,amarillo
F573,circulo,40.94,azul
F574,triangulo,20.12-56.46-82.11,azul
F575,rectangulo,29.81-4.7,amarillo
F576,triangulo,48.01-12.25-66.86,amarillo
F577,circulo,64.49,azul
F578,triangulo,97.11-54.24-3.53,azul
F579,pentagono,67.98-67.98-67.98-67.98-67.98,amarillo
F580,rectangulo,35.47-75.85,azul
F581,triangulo,84.68-94.8-67.04,rojo
F582,cuadrado,10.15,azul
F583,cuadrado,90.22,rojo
F584,rectangulo,12.66-24.41,amarillo
F585,triangulo,46.28-45.15-29.07,azul
F586,circulo,82.42,rojo
F587,pentagono,45.46-45.46-45.46-45.46-45.46,azul
F588,cuadrado,2.76,amarillo
F589,cuadrado,3.24,azul
F590,rectangulo,49.66-15.79,rojo
F591,cuadrado,40.22,rojo
F592,cuadrado,51.28,azul
F593,triangulo,9.72-9.66-36.77,azul
F594,pentagono,48.59-48.59-48.59-48.59-48.59,azul
F595,pentagono,88.88-88.88-88.88-88.88-88.88,amarillo
F596,cuadrado,31.76,amarillo
F597,rectangulo,5.07-6.89,amarillo
F598,cuadrado,19.38,amarillo
F599,circulo,87.44,amarillo
F600,pentagono,4.2-4.2-4.2-4.2-4.2,azul
F601,circulo,68.49,amarillo
F602,cuadrado,16.35,rojo
F603,pentagono,50.18-50.18-50.18-50.18-50.18,amarillo
F604,cuadrado,47.67,amarillo
F605,triangulo,12.63-3.8-5.89,azul
F606,cuadrado,57.55,rojo
F607,rectangulo,33.67-92.58,rojo
F608,circulo,74.72,azul
F609,rectangulo,47.73-45.44,amarillo
F610,triangulo,55.64-83.12-34.48,rojo
F611,rectangulo,3.69-63.85,amarillo
F612,rectangulo,72.43-89.17,amarillo
F613,triangulo,60.7-33.73-26.16,amarillo
F614,circulo,81.75,azul
F615,rectangulo,56.57-31.77,rojo
F616,cuadrado,37.42,azul
F617,circulo,61.6,amarillo
F618,circulo,60.25,azul
F619,circulo,95.8,rojo
F620,circulo,76.38,azul
F621,triangulo,17.88-61.04-95.98,amarillo
F622,pentagono,10.46-10.46-10.46-10.46-10.46,amarillo
F623,circulo,54.02,rojo
F624,pentagono,86.9-86.9-86.9-86.9-86.9,amarillo
F625,rectangulo,17.05-94.46,rojo
F626,rectangulo,22.38-47.0,azul
F627,pentagono,98.8-98.8-98.8-98.8-98.8,azul
F628,cuadrado,72.63,amarillo
F629,circulo,39.76,azul
F630,triangulo,81.54-19.16-37.65,amarillo
F631,circulo,24.39,rojo
F632,pentagono,68.7-68.7-68.7-68.7-68.7,azul
F633,rectangulo,52.05-62.64,amarillo
F634,pentagono,88.57-88.57-88.57-88.57-88.57,rojo
F635,triangulo,56.2-55.58-10.7,azul
F636,triangulo,12.73-4.04-18.68,azul
F637,cuadrado,17,azul
F638,cuadrado,25.57,azul
F639,cuadrado,81.41,amarillo
F640,circulo,60.24,amarillo
F641,triangulo,86.16-41.0-50.19,azul
F642,pentagono,37.98-37.98-37.98-37.98-37.98,amarillo
F643,pentagono,68.14-68.14-68.14-68.14-68.14,amarillo
F644,triangulo,87.12-14.98-72.37,amarillo
F645,triangulo,33.57-82.08-48.64,azul
F646,cuadrado,35.23,rojo
F647,circulo,47.46,amarillo
F648,circulo,4.9,rojo
F649,rectangulo,32.45-13.09,rojo
F650,rectangulo,32.38-29.93,rojo
F651,rectangulo,78.14-25.72,rojo
F652,circulo,81.11,azul
F653,cuadrado,41.63,rojo
F654,pentagono,64.35-64.35-64.35-64.35-64.35,azul
F655,pentagono,1.3-1.3-1.3-1.3-1.3,azul
F656,pentagono,43.82-43.82-43.82-43.82-43.82,amarillo
F657,rectangulo,14.5-27.33,rojo
F658,circulo,11.6,azul
F659,circulo,84.21,rojo
F660,cuadrado,56.29,amarillo
F661,triangulo,22.53-42.83-45.19,rojo
F662,triangulo,95.74-45.67-19.03,amarillo
F663,circulo,12.16,rojo
F664,rectangulo,15.03-33.41,rojo
F665,rectangulo,13.59-31.42,rojo
F666,circulo,24.72,amarillo
F667,cuadrado,87.37,amarillo
F668,pentagono,72.98-72.98-72.98-72.98-72.98,rojo
F669,pentagono,7.43-7.43-7.43-7.43-7.43,amarillo
F670,rectangulo,49.32-39.07,azul
F671,circulo,33.64,rojo
F672,cuadrado,73.13,azul
F673,rectangulo,42.78-12.19,rojo
F674,circulo,79.27,rojo
F675,circulo,26.25,azul
F676,circulo,90.27,amarillo
F677,triangulo,77.58-9.57-43.13,rojo
F678,rectangulo,26.32-51.34,rojo
F679,circulo,65.41,azul
F680,pentagono,64.09-64.09-64.09-64.09-64.09,rojo
F681,circulo,26.76,rojo
F682,cuadrado,43.58,rojo
F683,cuadrado,79.76,amarillo
F684,pentagono,90.86-90.86-90.86-90.86-90.86,azul
F685,circulo,70.71,amarillo
F686,rectangulo,38.13-51.39,rojo
F687,pentagono,94.39-94.39-94.39-94.39-94.39,rojo
F688,cuadrado,13.47,azul
F689,cuadrado,34.24,amarillo
F690,rectangulo,22.87-5.18,rojo
F691,rectangulo,73.54-49.32,amarillo
F692,triangulo,4.63-72.61-1.97,amarillo
F693,triangulo,13.81-91.34-90.02,rojo
F694,triangulo,35.04-45.36-16.6,amarillo
F695,rectangulo,35.48-53.98,amarillo
F696,circulo,88.49,rojo
F697,pentagono,50.55-50.55-50.55-50.55-50.55,azul
F698,pentagono,88.77-88.77-88.77-88.77-88.77,rojo
F699,triangulo,51.11-52.85-39.04,amarillo
F700,cuadrado,72.84,rojo
F701,rectangulo,60.02-62.73,rojo
F702,circulo,83.45,rojo
F703,cuadrado,86.84,rojo
F704,rectangulo,30.4-72.89,rojo
F705,cuadrado,87.19,amarillo
F706,triangulo,25.57-65.84-38.48,azul
F707,cuadrado,36.03,amarillo
F708,rectangulo,89.34-94.16,amarillo
F709,pentagono,63.75-63.75-63.75-63.75-63.75,amarillo
F710,pentagono,52.49-52.49-52.49-52.49-52.49,amarillo
F711,pentagono,38.13-38.13-38.13-38.13-38.13,rojo
F712,pentagono,55.11-55.11-55.11-55.11-55.11,amarillo
F713,circulo,47.54,azul
F714,rectangulo,98.08-61.89,amarillo
F715,rectangulo,38.48-84.07,azul
F716,triangulo,63.89-94.21-67.15,rojo
F717,pentagono,94.8-94.8-94.8-94.8-94.8,azul
F718,triangulo,47.29-16.87-77.71,rojo
F719,pentagono,17.72-17.72-17.72-17.72-17.72,azul
F720,cuadrado,39.12,azul
F721,circulo,30.85,azul
F722,rectangulo,99.22-49.93,rojo
F723,triangulo,54.26-72.99-26.09,rojo
F724,circulo,4.53,rojo
F725,pentagono,57.6-57.6-57.6-57.6-57.6,azul
F726,cuadrado,8.28,amarillo
F727,cuadrado,13.49,rojo
F728,pentagono,66.09-66.09-66.09-66.09-66.09,azul
F729,cuadrado,6.73,amarillo
F730,cuadrado,37.91,amarillo
F731,cuadrado,53.67,rojo
F732,triangulo,25.53-17.18-71.73,rojo
F733,pentagono,79.17-79.17-79.17-79.17-79.17,rojo
F734,triangulo,98.94-95.08-15.74,amarillo
F735,pentagono,52.23-52.23-52.23-52.23-52.23,rojo
F736,rectangulo,17.21-4.5,rojo
F737,circulo,11.48,rojo
F738,pentagono,94.83-94.83-94.83-94.83-94.83,amarillo
F739,triangulo,96.63-9.48-1.53,rojo
F740,triangulo,76.19-61.1-1.95,amarillo
F741,pentagono,1.49-1.49-1.49-1.49-1.49,rojo
F742,rectangulo,91.92-16.75,amarillo
F743,triangulo,44.95-48.17-89.19,amarillo
F744,circulo,28.31,rojo
F745,pentagono,76.1-76.1-76.1-76.1-76.1,azul
F746,triangulo,13.97-50.1-84.8,azul
F747,cuadrado,41.02,rojo
F748,triangulo,15.07-49.27-21.33,amarillo
F749,pentagono,82.88-82.88-82.88-82.88-82.88,rojo
F750,rectangulo,55.43-20.0,amarillo
F751,rectangulo,25.19-72.94,amarillo
F752,circulo,29.21,amarillo
F753,pentagono,37.33-37.33-37.33-37.33-37.33,azul
F754,rectangulo,55.08-62.24,azul
F755,cuadrado,16.52,azul
F756,triangulo,51.31-73.29-48.17,amarillo
F757,rectangulo,63.04-11.15,rojo
F758,pentagono,58.93-58.93-58.93-58.93-58.93,azul
F759,rectangulo,71.4-8.32,rojo
F760,pentagono,48.76-48.76-48.76-48.76-48.76,amarillo
F761,triangulo,43.36-25.7-57.94,amarillo
F762,cuadrado,13.3,azul
F763,pentagono,54.78-54.78-54.78-54.78-54.78,amarillo
F764,triangulo,51.04-42.0-96.09,amarillo
F765,rectangulo,14.14-90.62,azul
F766,circulo,49.29,azul
F767,circulo,3.39,amarillo
F768,cuadrado,95.39,azul
F769,rectangulo,56.55-84.51,rojo
F770,rectangulo,38.92-95.9,azul
F771,triangulo,13.52-64.75-82.33,amarillo
F772,cuadrado,1.54,amarillo
F773,circulo,78.53,rojo
F774,pentagono,3.7-3.7-3.7-3.7-3.7,amarillo
F775,pentagono,32.5-32.5-32.5-32.5-32.5,azul
F776,rectangulo,32.59-93.49,amarillo
F777,cuadrado,6.38,amarillo
F778,rectangulo,46.25-1.89,azul
F779,pentagono,85.44-85.44-85.44-85.44-85.44,azul
F780,pentagono,61.18-61.18-61.18-61.18-61.18,rojo
F781,rectangulo,57.47-31.5,azul
F782,circulo,85.92,azul
F783,pentagono,25.62-25.62-25.62-25.62-25.62,azul
F784,rectangulo,10.44-4.36,rojo
F785,circulo,69.83,rojo
F786,circulo,74.39,rojo
F787,circulo,67.59,azul
F788,cuadrado,58.89,azul
F789,circulo,70.54,azul
F790,pentagono,88.01-88.01-88.01-88.01-88.01,azul
F791,triangulo,55.0-64.86-96.16,azul
F792,triangulo,40.95-61.59-28.2,rojo
F793,cuadrado,10.15,azul
F794,cuadrado,17.59,amarillo
F795,rectangulo,27.02-82.26,rojo
F796,circulo,10.38,rojo
F797,triangulo,61.87-43.9-84.3,amarillo
F798,rectangulo,29.4-63.81,amarillo
F799,circulo,14.56,rojo
F800,triangulo,63.71-79.64-91.49,azul
F801,circulo,57.61,rojo
F802,rectangulo,85.46-23.37,rojo
F803,pentagono,28.99-28.99-28.99-28.99-28.99,rojo
F804,cuadrado,18.78,azul
F805,triangulo,40.8-8.49-49.55,azul
F806,pentagono,99.82-99.82-99.82-99.82-99.82,rojo
F807,pentagono,78.94-78.94-78.94-78.94-78.94,amarillo
F808,circulo,38.68,amarillo
F809,rectangulo,54.15-77.97,rojo
F810,rectangulo,61.45-68.21,rojo
F811,circulo,65.29,azul
F812,rectangulo,92.23-12.12,amarillo
F813,triangulo,73.17-17.22-14.56,amarillo
F814,cuadrado,47.46,rojo
F815,circulo,27.86,amarillo
F816,triangulo,4.11-60.29-41.03,rojo
F817,circulo,46.45,azul
F818,pentagono,46.01-46.01-46.01-46.01-46.01,amarillo
F819,rectangulo,11.82-89.84,amarillo
F820,triangulo,49.5-19.26-92.96,rojo
F821,triangulo,19.98-18.37-98.6,amarillo
F822,pentagono,4.75-4.75-4.75-4.75-4.75,amarillo
F823,pentagono,38.62-38.62-38.62-38.62-38.62,amarillo
F824,circulo,89.13,amarillo
F825,pentagono,98.12-98.12-98.12-98.12-98.12,azul
F826,cuadrado,45.08,amarillo
F827,triangulo,41.26-64.55-46.97,rojo
F828,pentagono,13.32-13.32-13.32-13.32-13.32,azul
F829,cuadrado,49.02,rojo
F830,cuadrado,53.48,rojo
F831,pentagono,33.83-33.83-33.83-33.83-33.83,amarillo
F832,rectangulo,75.04-19.06,rojo
F833,pentagono,78.71-78.71-78.71-78.71-78.71,azul
F834,circulo,31.22,rojo
F835,cuadrado,74.6,amarillo
F836,pentagono,6.78-6.78-6.78-6.78-6.78,rojo
F837,rectangulo,97.87-32.81,rojo
F838,pentagono,28.08-28.08-28.08-28.08-28.08,rojo
F839,circulo,50.5,azul
F840,circulo,68.7,rojo
F841,rectangulo,21.56-24.96,amarillo
F842,pentagono,42.6-42.6-42.6-42.6-42.6,azul
F843,cuadrado,22.02,azul
F844,triangulo,62.71-57.35-51.7,amarillo
F845,cuadrado,51.56,rojo
F846,pentagono,54.11-54.11-54.11-54.11-54.11,rojo
F847,cuadrado,40.13,rojo
F848,circulo,48.4,amarillo
F849,circulo,14.26,amarillo
F850,triangulo,33.58-39.57-78.55,azul
F851,pentagono,79.83-79.83-79.83-79.83-79.83,amarillo
F852,pentagono,21.0-21.0-21.0-21.0-21.0,rojo
F853,pentagono,4.84-4.84-4.84-4.84-4.84,rojo
F854,pentagono,7.96-7.96-7.96-7.96-7.96,rojo
F855,rectangulo,91.67-5.38,amarillo
F856,rectangulo,25.33-29.45,azul
F857,rectangulo,36.16-52.26,azul
F858,triangulo,4.05-42.03-92.93,amarillo
F859,cuadrado,38.37,azul
F860,rectangulo,78.74-49.76,amarillo
F861,pentagono,27.96-27.96-27.96-27.96-27.96,amarillo
F862,cuadrado,5.77,rojo
F863,circulo,2.78,azul
F864,pentagono,64.13-64.13-64.13-64.13-64.13,azul
F865,circulo,76.74,azul
F866,rectangulo,3.21-53.99,azul
F867,triangulo,50.06-20.03-78.12,rojo
F868,triangulo,7.97-79.6-59.34,azul
F869,cuadrado,52.26,azul
F870,circulo,35.94,rojo
F871,rectangulo,83.43-57.61,rojo
F872,cuadrado,24.4,amarillo
F873,triangulo,10.04-1.29-24.82,amarillo
F874,rectangulo,93.62-6.83,rojo
F875,pentagono,53.86-53.86-53.86-53.86-53.86,amarillo
F876,circulo,76.85,rojo
F877,rectangulo,43.57-22.03,azul
F878,circulo,70.31,amarillo
F879,circulo,34.87,rojo
F880,pentagono,15.54-15.54-15.54-15.54-15.54,rojo
F881,rectangulo,47.68-72.81,azul
F882,triangulo,78.17-94.38-42.96,amarillo
F883,pentagono,2.01-2.01-2.01-2.01-2.01,azul
F884,circulo,12.5,amarillo
F885,cuadrado,40.86,amarillo
F886,circulo,25.81,rojo
F887,pentagono,5.06-5.06-5.06-5.06-5.06,rojo
F888,circulo,72.45,rojo
F889,cuadrado,1.25,amarillo
F890,circulo,9.19,rojo
F891,cuadrado,6.83,azul
F892,cuadrado,43.56,amarillo
F893,cuadrado,89.14,amarillo
F894,rectangulo,80.02-29.06,azul
F895,cuadrado,59.55,azul
F896,rectangulo,79.26-36.63,azul
F897,rectangulo,67.96-47.83,amarillo
F898,pentagono,82.07-82.07-82.07-82.07-82.07,azul
F899,circulo,39.44,azul
F900,cuadrado,1.23,azul
F901,triangulo,19.88-59.07-72.66,rojo
F902,rectangulo,60.48-74.56,rojo
F903,cuadrado,81.45,amarillo
F904,circulo,87.18,azul
F905,circulo,40.66,azul
F906,rectangulo,67.26-28.73,amarillo
F907,pentagono,19.84-19.84-19.84-19.84-19.84,rojo
F908,circulo,44.91,azul
F909,pentagono,29.72-29.72-29.72-29.72-29.72,azul
F910,rectangulo,86.56-47.35,rojo
F911,triangulo,57.0-18.37-33.14,azul
F912,circulo,57.12,amarillo
F913,pentagono,27.21-27.21-27.21-27.21-27.21,amarillo
F914,triangulo,5.73-4.62-58.02,azul
F915,rectangulo,24.61-55.6,rojo
F916,pentagono,22.12-22.12-22.12-22.12-22.12,rojo
F917,rectangulo,60.62-89.95,azul
F918,pentagono,10.49-10.49-10.49-10.49-10.49,azul
F919,triangulo,56.95-97.61-49.39,amarillo
F920,pentagono,68.18-68.18-68.18-68.18-68.18,amarillo
F921,triangulo,15.96-58.91-43.73,rojo
F922,pentagono,24.43-24.43-24.43-24.43-24.43,rojo
F923,cuadrado,76.19,azul
F924,circulo,22.03,azul
F925,cuadrado,47.31,azul
F926,cuadrado,41.47,rojo
F927,rectangulo,74.86-68.36,amarillo
F928,pentagono,71.03-71.03-71.03-71.03-71.03,amarillo
F929,triangulo,29.02-7.49-26.2,rojo
F930,pentagono,98.53-98.53-98.53-98.53-98.53,azul
F931,pentagono,50.88-50.88-50.88-50.88-50.88,azul
F932,circulo,99.56,rojo
F933,rectangulo,91.68-86.23,azul
F934,cuadrado,40.65,rojo
F935,pentagono,51.73-51.73-51.73-51.73-51.73,rojo
F936,rectangulo,62.19-83.79,azul
F937,pentagono,74.58-74.58-74.58-74.58-74.58,amarillo
F938,pentagono,79.73-79.73-79.73-79.73-79.73,rojo
F939,rectangulo,58.87-96.29,azul
F940,triangulo,11.35-25.39-65.48,amarillo
F941,triangulo,14.95-2.08-23.44,azul
F942,pentagono,12.73-12.73-12.73-12.73-12.73,rojo
F943,rectangulo,63.86-55.15,azul
F944,circulo,95.25,amarillo
F945,circulo,18.04,azul
F946,pentagono,97.65-97.65-97.65-97.65-97.65,rojo
F947,triangulo,56.9-16.1-32.74,azul
F948,pentagono,4.59-4.59-4.59-4.59-4.59,rojo
F949,circulo,29.81,rojo
F950,cuadrado,86.16,amarillo
F951,cuadrado,71.98,amarillo
F952,pentagono,30.23-30.23-30.23-30.23-30.23,amarillo
F953,circulo,49.93,rojo
F954,pentagono,19.28-19.28-19.28-19.28-19.28,azul
F955,cuadrado,26.8,azul
F956,rectangulo,42.44-38.35,azul
F957,triangulo,68.27-24.48-82.95,rojo
F958,cuadrado,78.72,rojo
F959,circulo,32.35,rojo
F960,triangulo,84.84-55.2-15.94,azul
F961,triangulo,70.43-7.6-78.48,rojo
F962,circulo,70.9,amarillo
F963,rectangulo,26.54-26.23,amarillo
F964,cuadrado,98.29,rojo
F965,triangulo,27.43-73.48-77.07,amarillo
F966,rectangulo,25.87-1.97,azul
F967,cuadrado,1.11,amarillo
F968,cuadrado,18.81,rojo
F969,pentagono,89.24-89.24-89.24-89.24-89.24,azul
F970,pentagono,3.12-3.12-3.12-3.12-3.12,azul
F971,pentagono,78.72-78.72-78.72-78.72-78.72,rojo
F972,rectangulo,51.11-33.4,amarillo
F973,triangulo,18.91-14.14-71.14,azul
F974,rectangulo,71.67-2.41,azul
F975,triangulo,72.21-14.56-45.35,rojo
F976,cuadrado,87.86,rojo
F977,rectangulo,24.77-49.35,rojo
F978,cuadrado,49.43,azul
F979,triangulo,17.84-13.25-42.77,rojo
F980,rectangulo,73.57-58.75,amarillo
F981,circulo,77.46,amarillo
F982,pentagono,24.1-24.1-24.1-24.1-24.1,azul
F983,triangulo,65.78-49.11-8.16,rojo
F984,triangulo,43.53-9.06-74.85,rojo
F985,pentagono,72.94-72.94-72.94-72.94-72.94,amarillo
F986,pentagono,87.14-87.14-87.14-87.14-87.14,azul
F987,cuadrado,5.48,amarillo
F988,pentagono,99.12-99.12-99.12-99.12-99.12,rojo
F989,triangulo,87.38-37.7-88.4,rojo
F990,cuadrado,43.68,amarillo
F991,cuadrado,91.27,amarillo
F992,circulo,64.97,azul
F993,rectangulo,10.26-28.71,rojo
F994,cuadrado,63.33,amarillo
F995,pentagono,24.23-24.23-24.23-24.23-24.23,azul
F996,circulo,20.65,amarillo
F997,circulo,26.32,rojo
F998,cuadrado,9.33,rojo
F999,triangulo,96.97-94.6-49.95,azul